{"overrides":[{"predicate":{"custom_model_data":1},"model":"modelengine:quests_board/all"},{"predicate":{"custom_model_data":2},"model":"modelengine:crocodile/group2"},{"predicate":{"custom_model_data":3},"model":"modelengine:crocodile/group4"},{"predicate":{"custom_model_data":4},"model":"modelengine:crocodile/bone7"},{"predicate":{"custom_model_data":5},"model":"modelengine:crocodile/group3"},{"predicate":{"custom_model_data":6},"model":"modelengine:crocodile/bone2"},{"predicate":{"custom_model_data":7},"model":"modelengine:crocodile/bone5"},{"predicate":{"custom_model_data":8},"model":"modelengine:crocodile/group5"},{"predicate":{"custom_model_data":9},"model":"modelengine:crocodile/bone4"},{"predicate":{"custom_model_data":10},"model":"modelengine:crocodile/bone3"},{"predicate":{"custom_model_data":11},"model":"modelengine:crocodile/bone"},{"predicate":{"custom_model_data":12},"model":"modelengine:crocodile/bone6"},{"predicate":{"custom_model_data":13},"model":"modelengine:lion/leg4"},{"predicate":{"custom_model_data":14},"model":"modelengine:lion/leg3"},{"predicate":{"custom_model_data":15},"model":"modelengine:lion/leg1"},{"predicate":{"custom_model_data":16},"model":"modelengine:lion/leg2"},{"predicate":{"custom_model_data":17},"model":"modelengine:lion/body"},{"predicate":{"custom_model_data":18},"model":"modelengine:lion/head"},{"predicate":{"custom_model_data":19},"model":"modelengine:lion/bone"},{"predicate":{"custom_model_data":20},"model":"modelengine:lion/bone4"},{"predicate":{"custom_model_data":21},"model":"modelengine:lion/head3"},{"predicate":{"custom_model_data":22},"model":"modelengine:lion/head2"},{"predicate":{"custom_model_data":23},"model":"modelengine:lion/bone2"},{"predicate":{"custom_model_data":24},"model":"modelengine:lion2/leg4"},{"predicate":{"custom_model_data":25},"model":"modelengine:lion2/leg3"},{"predicate":{"custom_model_data":26},"model":"modelengine:lion2/leg1"},{"predicate":{"custom_model_data":27},"model":"modelengine:lion2/leg2"},{"predicate":{"custom_model_data":28},"model":"modelengine:lion2/body"},{"predicate":{"custom_model_data":29},"model":"modelengine:lion2/head"},{"predicate":{"custom_model_data":30},"model":"modelengine:lion2/bone"},{"predicate":{"custom_model_data":31},"model":"modelengine:lion2/head3"},{"predicate":{"custom_model_data":32},"model":"modelengine:lion2/head2"},{"predicate":{"custom_model_data":33},"model":"modelengine:lion2/bone2"},{"predicate":{"custom_model_data":34},"model":"modelengine:elephant_baby/front_left"},{"predicate":{"custom_model_data":35},"model":"modelengine:elephant_baby/back_right"},{"predicate":{"custom_model_data":36},"model":"modelengine:elephant_baby/front_right"},{"predicate":{"custom_model_data":37},"model":"modelengine:elephant_baby/back_left"},{"predicate":{"custom_model_data":38},"model":"modelengine:elephant_baby/body_normal"},{"predicate":{"custom_model_data":39},"model":"modelengine:elephant_baby/tail"},{"predicate":{"custom_model_data":40},"model":"modelengine:elephant_baby/head2"},{"predicate":{"custom_model_data":41},"model":"modelengine:elephant_baby/horn_mirror2"},{"predicate":{"custom_model_data":42},"model":"modelengine:elephant_baby/horn_mirror"},{"predicate":{"custom_model_data":43},"model":"modelengine:elephant_baby/trunk"},{"predicate":{"custom_model_data":44},"model":"modelengine:elephant_baby/right_ear"},{"predicate":{"custom_model_data":45},"model":"modelengine:elephant_baby/left_ear"},{"predicate":{"custom_model_data":46},"model":"modelengine:elephant_baby/trunk_lower"},{"predicate":{"custom_model_data":47},"model":"modelengine:elephant/front_left"},{"predicate":{"custom_model_data":48},"model":"modelengine:elephant/back_right"},{"predicate":{"custom_model_data":49},"model":"modelengine:elephant/front_right"},{"predicate":{"custom_model_data":50},"model":"modelengine:elephant/back_left"},{"predicate":{"custom_model_data":51},"model":"modelengine:elephant/body_normal"},{"predicate":{"custom_model_data":52},"model":"modelengine:elephant/tail"},{"predicate":{"custom_model_data":53},"model":"modelengine:elephant/head2"},{"predicate":{"custom_model_data":54},"model":"modelengine:elephant/horn_mirror2"},{"predicate":{"custom_model_data":55},"model":"modelengine:elephant/horn_mirror"},{"predicate":{"custom_model_data":56},"model":"modelengine:elephant/trunk"},{"predicate":{"custom_model_data":57},"model":"modelengine:elephant/right_ear"},{"predicate":{"custom_model_data":58},"model":"modelengine:elephant/left_ear"},{"predicate":{"custom_model_data":59},"model":"modelengine:elephant/trunk_lower"},{"predicate":{"custom_model_data":60},"model":"modelengine:lion_baby/leg4"},{"predicate":{"custom_model_data":61},"model":"modelengine:lion_baby/body"},{"predicate":{"custom_model_data":62},"model":"modelengine:lion_baby/leg3"},{"predicate":{"custom_model_data":63},"model":"modelengine:lion_baby/leg1"},{"predicate":{"custom_model_data":64},"model":"modelengine:lion_baby/head"},{"predicate":{"custom_model_data":65},"model":"modelengine:lion_baby/leg2"},{"predicate":{"custom_model_data":66},"model":"modelengine:lion_baby/bone"},{"predicate":{"custom_model_data":67},"model":"modelengine:lion_baby/head3"},{"predicate":{"custom_model_data":68},"model":"modelengine:lion_baby/head2"},{"predicate":{"custom_model_data":69},"model":"modelengine:lion_baby/bone2"},{"predicate":{"custom_model_data":70},"model":"modelengine:rhino_baby/rhino_leg4"},{"predicate":{"custom_model_data":71},"model":"modelengine:rhino_baby/rhino_leg2"},{"predicate":{"custom_model_data":72},"model":"modelengine:rhino_baby/rhino_leg3"},{"predicate":{"custom_model_data":73},"model":"modelengine:rhino_baby/rhino_leg1"},{"predicate":{"custom_model_data":74},"model":"modelengine:rhino_baby/bone5"},{"predicate":{"custom_model_data":75},"model":"modelengine:rhino_baby/bone4"},{"predicate":{"custom_model_data":76},"model":"modelengine:rhino_baby/neck2"},{"predicate":{"custom_model_data":77},"model":"modelengine:rhino_baby/bone"},{"predicate":{"custom_model_data":78},"model":"modelengine:rhino_baby/bone3"},{"predicate":{"custom_model_data":79},"model":"modelengine:rhino_baby/bone2"},{"predicate":{"custom_model_data":80},"model":"modelengine:buffalo/leg4"},{"predicate":{"custom_model_data":81},"model":"modelengine:rhino/rhino_leg4"},{"predicate":{"custom_model_data":82},"model":"modelengine:buffalo/leg1"},{"predicate":{"custom_model_data":83},"model":"modelengine:buffalo/leg2"},{"predicate":{"custom_model_data":84},"model":"modelengine:rhino/rhino_leg2"},{"predicate":{"custom_model_data":85},"model":"modelengine:buffalo/leg3"},{"predicate":{"custom_model_data":86},"model":"modelengine:rhino/rhino_leg3"},{"predicate":{"custom_model_data":87},"model":"modelengine:buffalo/body"},{"predicate":{"custom_model_data":88},"model":"modelengine:rhino/rhino_leg1"},{"predicate":{"custom_model_data":89},"model":"modelengine:buffalo/body2"},{"predicate":{"custom_model_data":90},"model":"modelengine:rhino/bone5"},{"predicate":{"custom_model_data":91},"model":"modelengine:buffalo/head"},{"predicate":{"custom_model_data":92},"model":"modelengine:rhino/bone4"},{"predicate":{"custom_model_data":93},"model":"modelengine:buffalo/bone2"},{"predicate":{"custom_model_data":94},"model":"modelengine:rhino/neck2"},{"predicate":{"custom_model_data":95},"model":"modelengine:buffalo/bone"},{"predicate":{"custom_model_data":96},"model":"modelengine:rhino/bone"},{"predicate":{"custom_model_data":97},"model":"modelengine:rhino/bone3"},{"predicate":{"custom_model_data":98},"model":"modelengine:rhino/bone2"},{"predicate":{"custom_model_data":99},"model":"modelengine:buffalo_baby/leg4"},{"predicate":{"custom_model_data":100},"model":"modelengine:buffalo_baby/leg1"},{"predicate":{"custom_model_data":101},"model":"modelengine:buffalo_baby/leg2"},{"predicate":{"custom_model_data":102},"model":"modelengine:buffalo_baby/leg3"},{"predicate":{"custom_model_data":103},"model":"modelengine:buffalo_baby/body"},{"predicate":{"custom_model_data":104},"model":"modelengine:buffalo_baby/body2"},{"predicate":{"custom_model_data":105},"model":"modelengine:buffalo_baby/head"},{"predicate":{"custom_model_data":106},"model":"modelengine:giraffe/back_left_leg"},{"predicate":{"custom_model_data":107},"model":"modelengine:giraffe/front_right_leg"},{"predicate":{"custom_model_data":108},"model":"modelengine:giraffe/body"},{"predicate":{"custom_model_data":109},"model":"modelengine:giraffe/back_right_leg"},{"predicate":{"custom_model_data":110},"model":"modelengine:giraffe/front_left_leg"},{"predicate":{"custom_model_data":111},"model":"modelengine:giraffe/tail"},{"predicate":{"custom_model_data":112},"model":"modelengine:giraffe/head"},{"predicate":{"custom_model_data":113},"model":"modelengine:giraffe_baby/back_left_leg"},{"predicate":{"custom_model_data":114},"model":"modelengine:giraffe_baby/front_right_leg"},{"predicate":{"custom_model_data":115},"model":"modelengine:giraffe_baby/body"},{"predicate":{"custom_model_data":116},"model":"modelengine:giraffe_baby/back_right_leg"},{"predicate":{"custom_model_data":117},"model":"modelengine:giraffe_baby/front_left_leg"},{"predicate":{"custom_model_data":118},"model":"modelengine:giraffe_baby/tail"},{"predicate":{"custom_model_data":119},"model":"modelengine:giraffe_baby/head"},{"predicate":{"custom_model_data":120},"model":"modelengine:hippo/right_leg"},{"predicate":{"custom_model_data":121},"model":"modelengine:hippo/body"},{"predicate":{"custom_model_data":122},"model":"modelengine:hippo/left_arm"},{"predicate":{"custom_model_data":123},"model":"modelengine:hippo/right_arm"},{"predicate":{"custom_model_data":124},"model":"modelengine:hippo/left_leg"},{"predicate":{"custom_model_data":125},"model":"modelengine:hippo/tail"},{"predicate":{"custom_model_data":126},"model":"modelengine:hippo/botjaw"},{"predicate":{"custom_model_data":127},"model":"modelengine:hippo/topjaw"},{"predicate":{"custom_model_data":128},"model":"modelengine:hippo/skinflap"},{"predicate":{"custom_model_data":129},"model":"modelengine:hippo_baby/right_leg"},{"predicate":{"custom_model_data":130},"model":"modelengine:hippo_baby/body"},{"predicate":{"custom_model_data":131},"model":"modelengine:hippo_baby/left_arm"},{"predicate":{"custom_model_data":132},"model":"modelengine:hippo_baby/right_arm"},{"predicate":{"custom_model_data":133},"model":"modelengine:hippo_baby/left_leg"},{"predicate":{"custom_model_data":134},"model":"modelengine:hippo_baby/tail"},{"predicate":{"custom_model_data":135},"model":"modelengine:hippo_baby/botjaw"},{"predicate":{"custom_model_data":136},"model":"modelengine:hippo_baby/topjaw"},{"predicate":{"custom_model_data":137},"model":"modelengine:hippo_baby/skinflap"},{"predicate":{"custom_model_data":138},"model":"modelengine:hyena/leg1"},{"predicate":{"custom_model_data":139},"model":"modelengine:hyena/leg2"},{"predicate":{"custom_model_data":140},"model":"modelengine:hyena/leg4"},{"predicate":{"custom_model_data":141},"model":"modelengine:hyena/leg3"},{"predicate":{"custom_model_data":142},"model":"modelengine:hyena/tail"},{"predicate":{"custom_model_data":143},"model":"modelengine:hyena/head"},{"predicate":{"custom_model_data":144},"model":"modelengine:hyena/head2"},{"predicate":{"custom_model_data":145},"model":"modelengine:hyena/bone2"},{"predicate":{"custom_model_data":146},"model":"modelengine:hyena/bone"},{"predicate":{"custom_model_data":147},"model":"modelengine:hyena_baby/leg1"},{"predicate":{"custom_model_data":148},"model":"modelengine:hyena_baby/leg2"},{"predicate":{"custom_model_data":149},"model":"modelengine:hyena_baby/leg4"},{"predicate":{"custom_model_data":150},"model":"modelengine:hyena_baby/leg3"},{"predicate":{"custom_model_data":151},"model":"modelengine:hyena_baby/tail"},{"predicate":{"custom_model_data":152},"model":"modelengine:hyena_baby/head"},{"predicate":{"custom_model_data":153},"model":"modelengine:hyena_baby/head2"},{"predicate":{"custom_model_data":154},"model":"modelengine:hyena_baby/bone2"},{"predicate":{"custom_model_data":155},"model":"modelengine:hyena_baby/bone"},{"predicate":{"custom_model_data":156},"model":"modelengine:zebra/back_left_leg"},{"predicate":{"custom_model_data":157},"model":"modelengine:zebra/front_left_leg"},{"predicate":{"custom_model_data":158},"model":"modelengine:zebra/front_right_leg"},{"predicate":{"custom_model_data":159},"model":"modelengine:zebra/back_right_leg"},{"predicate":{"custom_model_data":160},"model":"modelengine:zebra/body3"},{"predicate":{"custom_model_data":161},"model":"modelengine:zebra/tail2"},{"predicate":{"custom_model_data":162},"model":"modelengine:zebra/right_ear"},{"predicate":{"custom_model_data":163},"model":"modelengine:zebra/neck"},{"predicate":{"custom_model_data":164},"model":"modelengine:zebra/mane"},{"predicate":{"custom_model_data":165},"model":"modelengine:zebra_baby/back_left_leg"},{"predicate":{"custom_model_data":166},"model":"modelengine:zebra_baby/front_left_leg"},{"predicate":{"custom_model_data":167},"model":"modelengine:zebra_baby/front_right_leg"},{"predicate":{"custom_model_data":168},"model":"modelengine:zebra_baby/back_right_leg"},{"predicate":{"custom_model_data":169},"model":"modelengine:zebra_baby/body3"},{"predicate":{"custom_model_data":170},"model":"modelengine:zebra_baby/tail2"},{"predicate":{"custom_model_data":171},"model":"modelengine:zebra_baby/right_ear"},{"predicate":{"custom_model_data":172},"model":"modelengine:zebra_baby/neck"},{"predicate":{"custom_model_data":173},"model":"modelengine:zebra_baby/mane"},{"predicate":{"custom_model_data":174},"model":"modelengine:cassowary/upperbody"},{"predicate":{"custom_model_data":175},"model":"modelengine:cassowary/rightleg"},{"predicate":{"custom_model_data":176},"model":"modelengine:cassowary/leftleg"},{"predicate":{"custom_model_data":177},"model":"modelengine:cassowary/neck"},{"predicate":{"custom_model_data":178},"model":"modelengine:cassowary/rightleg2"},{"predicate":{"custom_model_data":179},"model":"modelengine:cassowary/leftleg2"},{"predicate":{"custom_model_data":180},"model":"modelengine:cassowary/head"},{"predicate":{"custom_model_data":181},"model":"modelengine:black_widow_baby/leg3"},{"predicate":{"custom_model_data":182},"model":"modelengine:black_widow_baby/leg4"},{"predicate":{"custom_model_data":183},"model":"modelengine:black_widow_baby/neck"},{"predicate":{"custom_model_data":184},"model":"modelengine:black_widow_baby/leg6"},{"predicate":{"custom_model_data":185},"model":"modelengine:black_widow_baby/leg8"},{"predicate":{"custom_model_data":186},"model":"modelengine:black_widow_baby/leg2"},{"predicate":{"custom_model_data":187},"model":"modelengine:black_widow_baby/leg7"},{"predicate":{"custom_model_data":188},"model":"modelengine:black_widow_baby/body"},{"predicate":{"custom_model_data":189},"model":"modelengine:black_widow_baby/leg1"},{"predicate":{"custom_model_data":190},"model":"modelengine:black_widow_baby/leg5"},{"predicate":{"custom_model_data":191},"model":"modelengine:black_widow_baby/neck4"},{"predicate":{"custom_model_data":192},"model":"modelengine:black_widow_baby/neck3"},{"predicate":{"custom_model_data":193},"model":"modelengine:black_widow_baby/neck2"},{"predicate":{"custom_model_data":194},"model":"modelengine:black_widow/leg3"},{"predicate":{"custom_model_data":195},"model":"modelengine:black_widow/leg4"},{"predicate":{"custom_model_data":196},"model":"modelengine:black_widow/neck"},{"predicate":{"custom_model_data":197},"model":"modelengine:black_widow/leg6"},{"predicate":{"custom_model_data":198},"model":"modelengine:black_widow/leg8"},{"predicate":{"custom_model_data":199},"model":"modelengine:black_widow/leg2"},{"predicate":{"custom_model_data":200},"model":"modelengine:black_widow/leg7"},{"predicate":{"custom_model_data":201},"model":"modelengine:black_widow/body"},{"predicate":{"custom_model_data":202},"model":"modelengine:black_widow/leg1"},{"predicate":{"custom_model_data":203},"model":"modelengine:black_widow/leg5"},{"predicate":{"custom_model_data":204},"model":"modelengine:black_widow/neck4"},{"predicate":{"custom_model_data":205},"model":"modelengine:black_widow/neck3"},{"predicate":{"custom_model_data":206},"model":"modelengine:black_widow/neck2"},{"predicate":{"custom_model_data":207},"model":"modelengine:cassowary_baby/upperbody"},{"predicate":{"custom_model_data":208},"model":"modelengine:cassowary_baby/rightleg"},{"predicate":{"custom_model_data":209},"model":"modelengine:cassowary_baby/leftleg"},{"predicate":{"custom_model_data":210},"model":"modelengine:cassowary_baby/neck"},{"predicate":{"custom_model_data":211},"model":"modelengine:cassowary_baby/rightleg2"},{"predicate":{"custom_model_data":212},"model":"modelengine:cassowary_baby/leftleg2"},{"predicate":{"custom_model_data":213},"model":"modelengine:cassowary_baby/head"},{"predicate":{"custom_model_data":214},"model":"modelengine:kangaroo/back_left_leg"},{"predicate":{"custom_model_data":215},"model":"modelengine:kangaroo/body"},{"predicate":{"custom_model_data":216},"model":"modelengine:kangaroo/bone2"},{"predicate":{"custom_model_data":217},"model":"modelengine:kangaroo/bone4"},{"predicate":{"custom_model_data":218},"model":"modelengine:kangaroo/body2"},{"predicate":{"custom_model_data":219},"model":"modelengine:kangaroo/head"},{"predicate":{"custom_model_data":220},"model":"modelengine:kangaroo/bone3"},{"predicate":{"custom_model_data":221},"model":"modelengine:kangaroo/left_ear"},{"predicate":{"custom_model_data":222},"model":"modelengine:kangaroo/right_ear"},{"predicate":{"custom_model_data":223},"model":"modelengine:kangaroo/neck"},{"predicate":{"custom_model_data":224},"model":"modelengine:kangaroo/bone"},{"predicate":{"custom_model_data":225},"model":"modelengine:kangaroo_baby/back_left_leg"},{"predicate":{"custom_model_data":226},"model":"modelengine:kangaroo_baby/body"},{"predicate":{"custom_model_data":227},"model":"modelengine:kangaroo_baby/bone2"},{"predicate":{"custom_model_data":228},"model":"modelengine:kangaroo_baby/bone4"},{"predicate":{"custom_model_data":229},"model":"modelengine:kangaroo_baby/body2"},{"predicate":{"custom_model_data":230},"model":"modelengine:kangaroo_baby/head"},{"predicate":{"custom_model_data":231},"model":"modelengine:kangaroo_baby/bone3"},{"predicate":{"custom_model_data":232},"model":"modelengine:kangaroo_baby/left_ear"},{"predicate":{"custom_model_data":233},"model":"modelengine:kangaroo_baby/right_ear"},{"predicate":{"custom_model_data":234},"model":"modelengine:kangaroo_baby/neck"},{"predicate":{"custom_model_data":235},"model":"modelengine:kangaroo_baby/bone"},{"predicate":{"custom_model_data":236},"model":"modelengine:snake/tail"},{"predicate":{"custom_model_data":237},"model":"modelengine:snake/neck"},{"predicate":{"custom_model_data":238},"model":"modelengine:snake/tail2"},{"predicate":{"custom_model_data":239},"model":"modelengine:snake/head"},{"predicate":{"custom_model_data":240},"model":"modelengine:snake/tail3"},{"predicate":{"custom_model_data":241},"model":"modelengine:snake/tongue"},{"predicate":{"custom_model_data":242},"model":"modelengine:snake/head3"},{"predicate":{"custom_model_data":243},"model":"modelengine:snake/head2"},{"predicate":{"custom_model_data":244},"model":"modelengine:snake/tail4"},{"predicate":{"custom_model_data":245},"model":"modelengine:koala/leg3"},{"predicate":{"custom_model_data":246},"model":"modelengine:koala/body"},{"predicate":{"custom_model_data":247},"model":"modelengine:koala/leg4"},{"predicate":{"custom_model_data":248},"model":"modelengine:koala/leg1"},{"predicate":{"custom_model_data":249},"model":"modelengine:koala/leg2"},{"predicate":{"custom_model_data":250},"model":"modelengine:koala/head"},{"predicate":{"custom_model_data":251},"model":"modelengine:koala/bone2"},{"predicate":{"custom_model_data":252},"model":"modelengine:koala/bone"},{"predicate":{"custom_model_data":253},"model":"modelengine:koala_baby/leg3"},{"predicate":{"custom_model_data":254},"model":"modelengine:koala_baby/body"},{"predicate":{"custom_model_data":255},"model":"modelengine:koala_baby/leg4"},{"predicate":{"custom_model_data":256},"model":"modelengine:koala_baby/leg1"},{"predicate":{"custom_model_data":257},"model":"modelengine:koala_baby/leg2"},{"predicate":{"custom_model_data":258},"model":"modelengine:koala_baby/head"},{"predicate":{"custom_model_data":259},"model":"modelengine:koala_baby/bone2"},{"predicate":{"custom_model_data":260},"model":"modelengine:koala_baby/bone"},{"predicate":{"custom_model_data":261},"model":"modelengine:black_bear/leg2_grizzly"},{"predicate":{"custom_model_data":262},"model":"modelengine:black_bear/leg1_grizzly"},{"predicate":{"custom_model_data":263},"model":"modelengine:black_bear/leg3_grizzly"},{"predicate":{"custom_model_data":264},"model":"modelengine:black_bear/leg4_grizzly"},{"predicate":{"custom_model_data":265},"model":"modelengine:black_bear/head_grizzly"},{"predicate":{"custom_model_data":266},"model":"modelengine:black_bear/rotation_grizzly"},{"predicate":{"custom_model_data":267},"model":"modelengine:black_bear/head_grizzly2"},{"predicate":{"custom_model_data":268},"model":"modelengine:black_bear_baby/leg2_grizzly"},{"predicate":{"custom_model_data":269},"model":"modelengine:black_bear_baby/leg1_grizzly"},{"predicate":{"custom_model_data":270},"model":"modelengine:black_bear_baby/leg3_grizzly"},{"predicate":{"custom_model_data":271},"model":"modelengine:black_bear_baby/leg4_grizzly"},{"predicate":{"custom_model_data":272},"model":"modelengine:black_bear_baby/head_grizzly"},{"predicate":{"custom_model_data":273},"model":"modelengine:black_bear_baby/rotation_grizzly"},{"predicate":{"custom_model_data":274},"model":"modelengine:black_bear_baby/head_grizzly2"},{"predicate":{"custom_model_data":275},"model":"modelengine:grizzly_bear/leg2_grizzly"},{"predicate":{"custom_model_data":276},"model":"modelengine:grizzly_bear/leg1_grizzly"},{"predicate":{"custom_model_data":277},"model":"modelengine:grizzly_bear/leg4_grizzly"},{"predicate":{"custom_model_data":278},"model":"modelengine:grizzly_bear/leg3_grizzly"},{"predicate":{"custom_model_data":279},"model":"modelengine:grizzly_bear/head_grizzly"},{"predicate":{"custom_model_data":280},"model":"modelengine:grizzly_bear/rotation_grizzly"},{"predicate":{"custom_model_data":281},"model":"modelengine:grizzly_bear/head_grizzly2"},{"predicate":{"custom_model_data":282},"model":"modelengine:chimp/leg1"},{"predicate":{"custom_model_data":283},"model":"modelengine:chimp/head"},{"predicate":{"custom_model_data":284},"model":"modelengine:chimp/leg4"},{"predicate":{"custom_model_data":285},"model":"modelengine:chimp/leg2"},{"predicate":{"custom_model_data":286},"model":"modelengine:chimp/leg3"},{"predicate":{"custom_model_data":287},"model":"modelengine:chimp/rotation"},{"predicate":{"custom_model_data":288},"model":"modelengine:grizzly_bear_baby/leg2_grizzly"},{"predicate":{"custom_model_data":289},"model":"modelengine:grizzly_bear_baby/leg1_grizzly"},{"predicate":{"custom_model_data":290},"model":"modelengine:grizzly_bear_baby/leg4_grizzly"},{"predicate":{"custom_model_data":291},"model":"modelengine:grizzly_bear_baby/leg3_grizzly"},{"predicate":{"custom_model_data":292},"model":"modelengine:grizzly_bear_baby/head_grizzly"},{"predicate":{"custom_model_data":293},"model":"modelengine:grizzly_bear_baby/rotation_grizzly"},{"predicate":{"custom_model_data":294},"model":"modelengine:grizzly_bear_baby/head_grizzly2"},{"predicate":{"custom_model_data":295},"model":"modelengine:chimp_baby/leg1"},{"predicate":{"custom_model_data":296},"model":"modelengine:chimp_baby/head"},{"predicate":{"custom_model_data":297},"model":"modelengine:chimp_baby/leg4"},{"predicate":{"custom_model_data":298},"model":"modelengine:chimp_baby/leg2"},{"predicate":{"custom_model_data":299},"model":"modelengine:chimp_baby/leg3"},{"predicate":{"custom_model_data":300},"model":"modelengine:chimp_baby/rotation"},{"predicate":{"custom_model_data":301},"model":"modelengine:gorilla/leg1"},{"predicate":{"custom_model_data":302},"model":"modelengine:gorilla/head"},{"predicate":{"custom_model_data":303},"model":"modelengine:gorilla/leg4"},{"predicate":{"custom_model_data":304},"model":"modelengine:gorilla/leg2"},{"predicate":{"custom_model_data":305},"model":"modelengine:gorilla/leg3"},{"predicate":{"custom_model_data":306},"model":"modelengine:gorilla/head2"},{"predicate":{"custom_model_data":307},"model":"modelengine:gorilla/rotation"},{"predicate":{"custom_model_data":308},"model":"modelengine:gorilla/rotation2"},{"predicate":{"custom_model_data":309},"model":"modelengine:gorilla_baby/leg1"},{"predicate":{"custom_model_data":310},"model":"modelengine:gorilla_baby/head"},{"predicate":{"custom_model_data":311},"model":"modelengine:gorilla_baby/leg4"},{"predicate":{"custom_model_data":312},"model":"modelengine:gorilla_baby/leg2"},{"predicate":{"custom_model_data":313},"model":"modelengine:gorilla_baby/leg3"},{"predicate":{"custom_model_data":314},"model":"modelengine:gorilla_baby/head2"},{"predicate":{"custom_model_data":315},"model":"modelengine:gorilla_baby/rotation"},{"predicate":{"custom_model_data":316},"model":"modelengine:gorilla_baby/rotation2"},{"predicate":{"custom_model_data":317},"model":"modelengine:orangutan_baby/leg1"},{"predicate":{"custom_model_data":318},"model":"modelengine:orangutan_baby/head"},{"predicate":{"custom_model_data":319},"model":"modelengine:orangutan_baby/leg4"},{"predicate":{"custom_model_data":320},"model":"modelengine:orangutan_baby/leg2"},{"predicate":{"custom_model_data":321},"model":"modelengine:orangutan_baby/leg3"},{"predicate":{"custom_model_data":322},"model":"modelengine:orangutan_baby/rotation"},{"predicate":{"custom_model_data":323},"model":"modelengine:orangutan/leg1"},{"predicate":{"custom_model_data":324},"model":"modelengine:orangutan/head"},{"predicate":{"custom_model_data":325},"model":"modelengine:orangutan/leg4"},{"predicate":{"custom_model_data":326},"model":"modelengine:orangutan/leg2"},{"predicate":{"custom_model_data":327},"model":"modelengine:orangutan/leg3"},{"predicate":{"custom_model_data":328},"model":"modelengine:orangutan/rotation"},{"predicate":{"custom_model_data":329},"model":"modelengine:neanderthal/body"},{"predicate":{"custom_model_data":330},"model":"modelengine:neanderthal/left_arm"},{"predicate":{"custom_model_data":331},"model":"modelengine:neanderthal/right_leg"},{"predicate":{"custom_model_data":332},"model":"modelengine:neanderthal/head"},{"predicate":{"custom_model_data":333},"model":"modelengine:neanderthal/right_arm"},{"predicate":{"custom_model_data":334},"model":"modelengine:neanderthal/left_leg"},{"predicate":{"custom_model_data":335},"model":"modelengine:neanderthal/fr"},{"predicate":{"custom_model_data":336},"model":"modelengine:neanderthal/headwear"},{"predicate":{"custom_model_data":337},"model":"modelengine:neanderthal/body2"},{"predicate":{"custom_model_data":338},"model":"modelengine:smilodon/leg4"},{"predicate":{"custom_model_data":339},"model":"modelengine:smilodon/body"},{"predicate":{"custom_model_data":340},"model":"modelengine:smilodon/leg3"},{"predicate":{"custom_model_data":341},"model":"modelengine:smilodon/leg1"},{"predicate":{"custom_model_data":342},"model":"modelengine:smilodon/head"},{"predicate":{"custom_model_data":343},"model":"modelengine:smilodon/leg2"},{"predicate":{"custom_model_data":344},"model":"modelengine:smilodon/head2"},{"predicate":{"custom_model_data":345},"model":"modelengine:smilodon/bone2"},{"predicate":{"custom_model_data":346},"model":"modelengine:smilodon_baby/leg4"},{"predicate":{"custom_model_data":347},"model":"modelengine:smilodon_baby/body"},{"predicate":{"custom_model_data":348},"model":"modelengine:smilodon_baby/leg3"},{"predicate":{"custom_model_data":349},"model":"modelengine:smilodon_baby/leg1"},{"predicate":{"custom_model_data":350},"model":"modelengine:smilodon_baby/head"},{"predicate":{"custom_model_data":351},"model":"modelengine:smilodon_baby/leg2"},{"predicate":{"custom_model_data":352},"model":"modelengine:smilodon_baby/head2"},{"predicate":{"custom_model_data":353},"model":"modelengine:smilodon_baby/bone2"},{"predicate":{"custom_model_data":354},"model":"modelengine:wollyrhino/bone5"},{"predicate":{"custom_model_data":355},"model":"modelengine:wollyrhino/bone6"},{"predicate":{"custom_model_data":356},"model":"modelengine:wollyrhino/bone4"},{"predicate":{"custom_model_data":357},"model":"modelengine:wollyrhino/neck2"},{"predicate":{"custom_model_data":358},"model":"modelengine:wollyrhino/rhino_leg4"},{"predicate":{"custom_model_data":359},"model":"modelengine:wollyrhino/rhino_leg2"},{"predicate":{"custom_model_data":360},"model":"modelengine:wollyrhino/rhino_leg3"},{"predicate":{"custom_model_data":361},"model":"modelengine:wollyrhino/rhino_leg1"},{"predicate":{"custom_model_data":362},"model":"modelengine:wollyrhino/bone"},{"predicate":{"custom_model_data":363},"model":"modelengine:wollyrhino/bone3"},{"predicate":{"custom_model_data":364},"model":"modelengine:wollyrhino/bone2"},{"predicate":{"custom_model_data":365},"model":"modelengine:wollyrhino_baby/bone5"},{"predicate":{"custom_model_data":366},"model":"modelengine:wollyrhino_baby/bone6"},{"predicate":{"custom_model_data":367},"model":"modelengine:wollyrhino_baby/bone4"},{"predicate":{"custom_model_data":368},"model":"modelengine:wollyrhino_baby/neck2"},{"predicate":{"custom_model_data":369},"model":"modelengine:wollyrhino_baby/rhino_leg4"},{"predicate":{"custom_model_data":370},"model":"modelengine:wollyrhino_baby/rhino_leg2"},{"predicate":{"custom_model_data":371},"model":"modelengine:wollyrhino_baby/rhino_leg3"},{"predicate":{"custom_model_data":372},"model":"modelengine:wollyrhino_baby/rhino_leg1"},{"predicate":{"custom_model_data":373},"model":"modelengine:wollyrhino_baby/bone"},{"predicate":{"custom_model_data":374},"model":"modelengine:wollyrhino_baby/bone3"},{"predicate":{"custom_model_data":375},"model":"modelengine:wollyrhino_baby/bone2"},{"predicate":{"custom_model_data":376},"model":"modelengine:wollymammoth_baby/body_normal"},{"predicate":{"custom_model_data":377},"model":"modelengine:wollymammoth_baby/back"},{"predicate":{"custom_model_data":378},"model":"modelengine:wollymammoth_baby/head2"},{"predicate":{"custom_model_data":379},"model":"modelengine:wollymammoth_baby/back_right"},{"predicate":{"custom_model_data":380},"model":"modelengine:wollymammoth_baby/back_left"},{"predicate":{"custom_model_data":381},"model":"modelengine:wollymammoth_baby/left"},{"predicate":{"custom_model_data":382},"model":"modelengine:wollymammoth_baby/trunk"},{"predicate":{"custom_model_data":383},"model":"modelengine:wollymammoth_baby/right_ear"},{"predicate":{"custom_model_data":384},"model":"modelengine:wollymammoth_baby/right"},{"predicate":{"custom_model_data":385},"model":"modelengine:wollymammoth_baby/head3"},{"predicate":{"custom_model_data":386},"model":"modelengine:wollymammoth_baby/left_ear"},{"predicate":{"custom_model_data":387},"model":"modelengine:wollymammoth_baby/pata2"},{"predicate":{"custom_model_data":388},"model":"modelengine:wollymammoth_baby/front_left2"},{"predicate":{"custom_model_data":389},"model":"modelengine:wollymammoth_baby/pata"},{"predicate":{"custom_model_data":390},"model":"modelengine:wollymammoth_baby/front_right2"},{"predicate":{"custom_model_data":391},"model":"modelengine:wollymammoth_baby/left2"},{"predicate":{"custom_model_data":392},"model":"modelengine:wollymammoth_baby/trunk_lower"},{"predicate":{"custom_model_data":393},"model":"modelengine:wollymammoth_baby/right3"},{"predicate":{"custom_model_data":394},"model":"modelengine:wollymammoth_baby/trunk_lower2"},{"predicate":{"custom_model_data":395},"model":"modelengine:wollymammoth/body_normal"},{"predicate":{"custom_model_data":396},"model":"modelengine:wollymammoth/back"},{"predicate":{"custom_model_data":397},"model":"modelengine:wollymammoth/head2"},{"predicate":{"custom_model_data":398},"model":"modelengine:wollymammoth/back_right"},{"predicate":{"custom_model_data":399},"model":"modelengine:wollymammoth/back_left"},{"predicate":{"custom_model_data":400},"model":"modelengine:wollymammoth/left"},{"predicate":{"custom_model_data":401},"model":"modelengine:wollymammoth/trunk"},{"predicate":{"custom_model_data":402},"model":"modelengine:wollymammoth/right_ear"},{"predicate":{"custom_model_data":403},"model":"modelengine:wollymammoth/right"},{"predicate":{"custom_model_data":404},"model":"modelengine:wollymammoth/head3"},{"predicate":{"custom_model_data":405},"model":"modelengine:wollymammoth/left_ear"},{"predicate":{"custom_model_data":406},"model":"modelengine:wollymammoth/pata2"},{"predicate":{"custom_model_data":407},"model":"modelengine:wollymammoth/front_left2"},{"predicate":{"custom_model_data":408},"model":"modelengine:wollymammoth/pata"},{"predicate":{"custom_model_data":409},"model":"modelengine:wollymammoth/front_right2"},{"predicate":{"custom_model_data":410},"model":"modelengine:wollymammoth/left2"},{"predicate":{"custom_model_data":411},"model":"modelengine:wollymammoth/trunk_lower"},{"predicate":{"custom_model_data":412},"model":"modelengine:wollymammoth/right3"},{"predicate":{"custom_model_data":413},"model":"modelengine:wollymammoth/trunk_lower2"},{"predicate":{"custom_model_data":414},"model":"modelengine:magmammoth/back_right"},{"predicate":{"custom_model_data":415},"model":"modelengine:magmammoth/back_left"},{"predicate":{"custom_model_data":416},"model":"modelengine:magmammoth/saddle"},{"predicate":{"custom_model_data":417},"model":"modelengine:magmammoth/pata2"},{"predicate":{"custom_model_data":418},"model":"modelengine:magmammoth/front_left2"},{"predicate":{"custom_model_data":419},"model":"modelengine:magmammoth/pata"},{"predicate":{"custom_model_data":420},"model":"modelengine:magmammoth/front_right2"},{"predicate":{"custom_model_data":421},"model":"modelengine:magmammoth/body_normal"},{"predicate":{"custom_model_data":422},"model":"modelengine:magmammoth/back"},{"predicate":{"custom_model_data":423},"model":"modelengine:magmammoth/head2"},{"predicate":{"custom_model_data":424},"model":"modelengine:magmammoth/left"},{"predicate":{"custom_model_data":425},"model":"modelengine:magmammoth/horn_mirror3"},{"predicate":{"custom_model_data":426},"model":"modelengine:magmammoth/trunk"},{"predicate":{"custom_model_data":427},"model":"modelengine:magmammoth/right_ear"},{"predicate":{"custom_model_data":428},"model":"modelengine:magmammoth/right"},{"predicate":{"custom_model_data":429},"model":"modelengine:magmammoth/horn_mirror2"},{"predicate":{"custom_model_data":430},"model":"modelengine:magmammoth/left_ear"},{"predicate":{"custom_model_data":431},"model":"modelengine:magmammoth/left2"},{"predicate":{"custom_model_data":432},"model":"modelengine:magmammoth/horn_mirror4"},{"predicate":{"custom_model_data":433},"model":"modelengine:magmammoth/right3"},{"predicate":{"custom_model_data":434},"model":"modelengine:magmammoth/trunk_lower"},{"predicate":{"custom_model_data":435},"model":"modelengine:magmammoth_egg/bone"},{"predicate":{"custom_model_data":436},"model":"modelengine:magmammoth2/back_right"},{"predicate":{"custom_model_data":437},"model":"modelengine:magmammoth2/back_left"},{"predicate":{"custom_model_data":438},"model":"modelengine:magmammoth2/pata2"},{"predicate":{"custom_model_data":439},"model":"modelengine:magmammoth2/front_left2"},{"predicate":{"custom_model_data":440},"model":"modelengine:magmammoth2/pata"},{"predicate":{"custom_model_data":441},"model":"modelengine:magmammoth2/front_right2"},{"predicate":{"custom_model_data":442},"model":"modelengine:magmammoth2/body_normal"},{"predicate":{"custom_model_data":443},"model":"modelengine:magmammoth2/back"},{"predicate":{"custom_model_data":444},"model":"modelengine:magmammoth2/head2"},{"predicate":{"custom_model_data":445},"model":"modelengine:magmammoth2/left"},{"predicate":{"custom_model_data":446},"model":"modelengine:magmammoth2/horn_mirror3"},{"predicate":{"custom_model_data":447},"model":"modelengine:magmammoth2/trunk"},{"predicate":{"custom_model_data":448},"model":"modelengine:magmammoth2/right_ear"},{"predicate":{"custom_model_data":449},"model":"modelengine:magmammoth2/right"},{"predicate":{"custom_model_data":450},"model":"modelengine:magmammoth2/horn_mirror2"},{"predicate":{"custom_model_data":451},"model":"modelengine:magmammoth2/left_ear"},{"predicate":{"custom_model_data":452},"model":"modelengine:magmammoth2/left2"},{"predicate":{"custom_model_data":453},"model":"modelengine:magmammoth2/horn_mirror4"},{"predicate":{"custom_model_data":454},"model":"modelengine:magmammoth2/right3"},{"predicate":{"custom_model_data":455},"model":"modelengine:magmammoth2/trunk_lower"},{"predicate":{"custom_model_data":456},"model":"modelengine:magmammoth3/back_right"},{"predicate":{"custom_model_data":457},"model":"modelengine:magmammoth3/back_left"},{"predicate":{"custom_model_data":458},"model":"modelengine:magmammoth3/pata2"},{"predicate":{"custom_model_data":459},"model":"modelengine:magmammoth3/front_left2"},{"predicate":{"custom_model_data":460},"model":"modelengine:magmammoth3/pata"},{"predicate":{"custom_model_data":461},"model":"modelengine:magmammoth3/front_right2"},{"predicate":{"custom_model_data":462},"model":"modelengine:magmammoth3/body_normal"},{"predicate":{"custom_model_data":463},"model":"modelengine:magmammoth3/back"},{"predicate":{"custom_model_data":464},"model":"modelengine:magmammoth3/head2"},{"predicate":{"custom_model_data":465},"model":"modelengine:magmammoth3/left"},{"predicate":{"custom_model_data":466},"model":"modelengine:magmammoth3/horn_mirror3"},{"predicate":{"custom_model_data":467},"model":"modelengine:magmammoth3/trunk"},{"predicate":{"custom_model_data":468},"model":"modelengine:magmammoth3/right_ear"},{"predicate":{"custom_model_data":469},"model":"modelengine:magmammoth3/right"},{"predicate":{"custom_model_data":470},"model":"modelengine:magmammoth3/horn_mirror2"},{"predicate":{"custom_model_data":471},"model":"modelengine:magmammoth3/left_ear"},{"predicate":{"custom_model_data":472},"model":"modelengine:magmammoth3/left2"},{"predicate":{"custom_model_data":473},"model":"modelengine:magmammoth3/horn_mirror4"},{"predicate":{"custom_model_data":474},"model":"modelengine:magmammoth3/right3"},{"predicate":{"custom_model_data":475},"model":"modelengine:magmammoth3/trunk_lower"},{"predicate":{"custom_model_data":476},"model":"modelengine:crab/c_right_arm"},{"predicate":{"custom_model_data":477},"model":"modelengine:crab/c_left_mandible"},{"predicate":{"custom_model_data":478},"model":"modelengine:crab/c_body"},{"predicate":{"custom_model_data":479},"model":"modelengine:crab/c_left_arm"},{"predicate":{"custom_model_data":480},"model":"modelengine:crab/c_leg4"},{"predicate":{"custom_model_data":481},"model":"modelengine:crab/c_leg2"},{"predicate":{"custom_model_data":482},"model":"modelengine:crab/c_leg1"},{"predicate":{"custom_model_data":483},"model":"modelengine:crab/c_right_mandible"},{"predicate":{"custom_model_data":484},"model":"modelengine:seamine/body2"},{"predicate":{"custom_model_data":485},"model":"modelengine:seamine/body3"},{"predicate":{"custom_model_data":486},"model":"modelengine:magmammoth_baby/back_right"},{"predicate":{"custom_model_data":487},"model":"modelengine:magmammoth_baby/back_left"},{"predicate":{"custom_model_data":488},"model":"modelengine:magmammoth_baby/pata2"},{"predicate":{"custom_model_data":489},"model":"modelengine:magmammoth_baby/front_left2"},{"predicate":{"custom_model_data":490},"model":"modelengine:magmammoth_baby/pata"},{"predicate":{"custom_model_data":491},"model":"modelengine:magmammoth_baby/front_right2"},{"predicate":{"custom_model_data":492},"model":"modelengine:magmammoth_baby/body_normal"},{"predicate":{"custom_model_data":493},"model":"modelengine:magmammoth_baby/back"},{"predicate":{"custom_model_data":495},"model":"modelengine:magmammoth_baby/head2"},{"predicate":{"custom_model_data":496},"model":"modelengine:magmammoth_baby/left"},{"predicate":{"custom_model_data":497},"model":"modelengine:magmammoth_baby/horn_mirror3"},{"predicate":{"custom_model_data":498},"model":"modelengine:magmammoth_baby/trunk"},{"predicate":{"custom_model_data":499},"model":"modelengine:magmammoth_baby/right_ear"},{"predicate":{"custom_model_data":500},"model":"modelengine:magmammoth_baby/right"},{"predicate":{"custom_model_data":501},"model":"modelengine:magmammoth_baby/horn_mirror2"},{"predicate":{"custom_model_data":502},"model":"modelengine:magmammoth_baby/left_ear"},{"predicate":{"custom_model_data":503},"model":"modelengine:pirate/head2"},{"predicate":{"custom_model_data":504},"model":"modelengine:bloop_egg/bone"},{"predicate":{"custom_model_data":505},"model":"modelengine:magmammoth_baby/left2"},{"predicate":{"custom_model_data":506},"model":"modelengine:magmammoth_baby/horn_mirror4"},{"predicate":{"custom_model_data":507},"model":"modelengine:magmammoth_baby/right3"},{"predicate":{"custom_model_data":508},"model":"modelengine:magmammoth_baby/trunk_lower"},{"predicate":{"custom_model_data":509},"model":"modelengine:bloop/jaw"},{"predicate":{"custom_model_data":510},"model":"modelengine:bloop/head2"},{"predicate":{"custom_model_data":511},"model":"modelengine:bloop/body"},{"predicate":{"custom_model_data":512},"model":"modelengine:bloop/tongue"},{"predicate":{"custom_model_data":513},"model":"modelengine:bloop/f4"},{"predicate":{"custom_model_data":514},"model":"modelengine:bloop/f3"},{"predicate":{"custom_model_data":515},"model":"modelengine:bloop/bone"},{"predicate":{"custom_model_data":516},"model":"modelengine:bloop/f2"},{"predicate":{"custom_model_data":517},"model":"modelengine:bloop/f1"},{"predicate":{"custom_model_data":518},"model":"modelengine:bloop/bone2"},{"predicate":{"custom_model_data":519},"model":"modelengine:bloop/bone3"},{"predicate":{"custom_model_data":520},"model":"modelengine:magmammoth_tamed/back_right"},{"predicate":{"custom_model_data":521},"model":"modelengine:magmammoth_tamed/back_left"},{"predicate":{"custom_model_data":522},"model":"modelengine:magmammoth_tamed/pata2"},{"predicate":{"custom_model_data":523},"model":"modelengine:magmammoth_tamed/front_left2"},{"predicate":{"custom_model_data":524},"model":"modelengine:magmammoth_tamed/pata"},{"predicate":{"custom_model_data":525},"model":"modelengine:magmammoth_tamed/front_right2"},{"predicate":{"custom_model_data":526},"model":"modelengine:magmammoth_tamed/body_normal"},{"predicate":{"custom_model_data":527},"model":"modelengine:magmammoth_tamed/saddle"},{"predicate":{"custom_model_data":528},"model":"modelengine:magmammoth_tamed/back"},{"predicate":{"custom_model_data":529},"model":"modelengine:magmammoth_tamed/head2"},{"predicate":{"custom_model_data":530},"model":"modelengine:magmammoth_tamed/left"},{"predicate":{"custom_model_data":531},"model":"modelengine:magmammoth_tamed/horn_mirror3"},{"predicate":{"custom_model_data":532},"model":"modelengine:magmammoth_tamed/trunk"},{"predicate":{"custom_model_data":533},"model":"modelengine:magmammoth_tamed/right_ear"},{"predicate":{"custom_model_data":534},"model":"modelengine:magmammoth_tamed/right"},{"predicate":{"custom_model_data":535},"model":"modelengine:magmammoth_tamed/horn_mirror2"},{"predicate":{"custom_model_data":536},"model":"modelengine:magmammoth_tamed/left_ear"},{"predicate":{"custom_model_data":537},"model":"modelengine:magmammoth_tamed/left2"},{"predicate":{"custom_model_data":538},"model":"modelengine:magmammoth_tamed/horn_mirror4"},{"predicate":{"custom_model_data":539},"model":"modelengine:magmammoth_tamed/right3"},{"predicate":{"custom_model_data":540},"model":"modelengine:magmammoth_tamed/trunk_lower"},{"predicate":{"custom_model_data":541},"model":"modelengine:martian/leftleg"},{"predicate":{"custom_model_data":542},"model":"modelengine:martian/leftarm"},{"predicate":{"custom_model_data":543},"model":"modelengine:martian/body"},{"predicate":{"custom_model_data":544},"model":"modelengine:martian/head"},{"predicate":{"custom_model_data":546},"model":"modelengine:alien/bone6"},{"predicate":{"custom_model_data":550},"model":"modelengine:alien/head"},{"predicate":{"custom_model_data":556},"model":"modelengine:martian/rightarm"},{"predicate":{"custom_model_data":558},"model":"modelengine:alien/bone4"},{"predicate":{"custom_model_data":559},"model":"modelengine:alien/bone7"},{"predicate":{"custom_model_data":561},"model":"modelengine:martian/leftear"},{"predicate":{"custom_model_data":562},"model":"modelengine:martian/rightleg"},{"predicate":{"custom_model_data":563},"model":"modelengine:martian/rightear"},{"predicate":{"custom_model_data":564},"model":"modelengine:martian/nose"},{"predicate":{"custom_model_data":568},"model":"modelengine:alien/bone"},{"predicate":{"custom_model_data":569},"model":"modelengine:alien/bone2"},{"predicate":{"custom_model_data":570},"model":"modelengine:alien/bone5"},{"predicate":{"custom_model_data":571},"model":"modelengine:tiger_golden/leg4"},{"predicate":{"custom_model_data":572},"model":"modelengine:tiger_golden/leg3"},{"predicate":{"custom_model_data":573},"model":"modelengine:tiger_golden/leg1"},{"predicate":{"custom_model_data":574},"model":"modelengine:tiger_golden/leg2"},{"predicate":{"custom_model_data":575},"model":"modelengine:tiger_regal_baby/eye1"},{"predicate":{"custom_model_data":576},"model":"modelengine:tiger_golden/head"},{"predicate":{"custom_model_data":577},"model":"modelengine:tiger_golden/bone"},{"predicate":{"custom_model_data":578},"model":"modelengine:tiger_golden/arrecho"},{"predicate":{"custom_model_data":579},"model":"modelengine:tiger_golden/head2"},{"predicate":{"custom_model_data":580},"model":"modelengine:tiger_golden/head3"},{"predicate":{"custom_model_data":581},"model":"modelengine:tiger_golden/eye1"},{"predicate":{"custom_model_data":582},"model":"modelengine:tiger_golden/bone2"},{"predicate":{"custom_model_data":583},"model":"modelengine:tiger_normal/leg4"},{"predicate":{"custom_model_data":584},"model":"modelengine:tiger_normal/leg3"},{"predicate":{"custom_model_data":585},"model":"modelengine:tiger_normal/leg1"},{"predicate":{"custom_model_data":586},"model":"modelengine:tiger_normal/leg2"},{"predicate":{"custom_model_data":587},"model":"modelengine:tiger_regal_baby/bone2"},{"predicate":{"custom_model_data":588},"model":"modelengine:tiger_normal/head"},{"predicate":{"custom_model_data":589},"model":"modelengine:tiger_normal/bone"},{"predicate":{"custom_model_data":590},"model":"modelengine:tiger_normal/arrecho"},{"predicate":{"custom_model_data":591},"model":"modelengine:tiger_normal/head2"},{"predicate":{"custom_model_data":592},"model":"modelengine:tiger_normal/head3"},{"predicate":{"custom_model_data":593},"model":"modelengine:tiger_normal/eye1"},{"predicate":{"custom_model_data":594},"model":"modelengine:tiger_normal/bone2"},{"predicate":{"custom_model_data":595},"model":"modelengine:tiger_white/leg4"},{"predicate":{"custom_model_data":596},"model":"modelengine:tiger_white/leg3"},{"predicate":{"custom_model_data":597},"model":"modelengine:tiger_white/leg1"},{"predicate":{"custom_model_data":598},"model":"modelengine:tiger_white/leg2"},{"predicate":{"custom_model_data":599},"model":"modelengine:tiger_regal_baby/lengua"},{"predicate":{"custom_model_data":600},"model":"modelengine:tiger_white/head"},{"predicate":{"custom_model_data":601},"model":"modelengine:tiger_white/bone"},{"predicate":{"custom_model_data":602},"model":"modelengine:tiger_white/arrecho"},{"predicate":{"custom_model_data":603},"model":"modelengine:tiger_white/head2"},{"predicate":{"custom_model_data":604},"model":"modelengine:tiger_white/head3"},{"predicate":{"custom_model_data":605},"model":"modelengine:tiger_white/eye1"},{"predicate":{"custom_model_data":606},"model":"modelengine:tiger_white/bone2"},{"predicate":{"custom_model_data":607},"model":"modelengine:bison_baby/leg1"},{"predicate":{"custom_model_data":608},"model":"modelengine:bison_baby/leg3"},{"predicate":{"custom_model_data":609},"model":"modelengine:bison_baby/leg4"},{"predicate":{"custom_model_data":610},"model":"modelengine:bison_baby/leg2"},{"predicate":{"custom_model_data":611},"model":"modelengine:bison_baby/head"},{"predicate":{"custom_model_data":612},"model":"modelengine:bison_baby/body"},{"predicate":{"custom_model_data":613},"model":"modelengine:bison_baby/body2"},{"predicate":{"custom_model_data":614},"model":"modelengine:bison_baby/tail"},{"predicate":{"custom_model_data":615},"model":"modelengine:bison/leg1"},{"predicate":{"custom_model_data":616},"model":"modelengine:bison/leg3"},{"predicate":{"custom_model_data":617},"model":"modelengine:bison/leg4"},{"predicate":{"custom_model_data":618},"model":"modelengine:bison/leg2"},{"predicate":{"custom_model_data":619},"model":"modelengine:bison/head"},{"predicate":{"custom_model_data":620},"model":"modelengine:bison/body"},{"predicate":{"custom_model_data":621},"model":"modelengine:bison/body2"},{"predicate":{"custom_model_data":622},"model":"modelengine:bison/tail"},{"predicate":{"custom_model_data":623},"model":"modelengine:jellyfish/body"},{"predicate":{"custom_model_data":624},"model":"modelengine:jellyfish/bone"},{"predicate":{"custom_model_data":625},"model":"modelengine:greatwhite/tail"},{"predicate":{"custom_model_data":626},"model":"modelengine:greatwhite/body"},{"predicate":{"custom_model_data":627},"model":"modelengine:greatwhite/head"},{"predicate":{"custom_model_data":628},"model":"modelengine:greatwhite/bone10"},{"predicate":{"custom_model_data":629},"model":"modelengine:greatwhite/bone11"},{"predicate":{"custom_model_data":630},"model":"modelengine:greatwhite/bone6"},{"predicate":{"custom_model_data":631},"model":"modelengine:greatwhite/bone5"},{"predicate":{"custom_model_data":632},"model":"modelengine:greatwhite/bone9"},{"predicate":{"custom_model_data":633},"model":"modelengine:greatwhite/bone8"},{"predicate":{"custom_model_data":634},"model":"modelengine:greatwhite/bone7"},{"predicate":{"custom_model_data":635},"model":"modelengine:greatwhite/bone3"},{"predicate":{"custom_model_data":636},"model":"modelengine:greatwhite/bone4"},{"predicate":{"custom_model_data":637},"model":"modelengine:seamine/body"},{"predicate":{"custom_model_data":638},"model":"modelengine:seamine/eye"},{"predicate":{"custom_model_data":639},"model":"modelengine:seamine/spine3_rotation"},{"predicate":{"custom_model_data":640},"model":"modelengine:seamine/spine1_rotation"},{"predicate":{"custom_model_data":641},"model":"modelengine:seamine/spine4_rotation"},{"predicate":{"custom_model_data":642},"model":"modelengine:seamine/spine10_rotation"},{"predicate":{"custom_model_data":643},"model":"modelengine:seamine/spine2_rotation"},{"predicate":{"custom_model_data":644},"model":"modelengine:seamine/spine8_rotation"},{"predicate":{"custom_model_data":645},"model":"modelengine:seamine/spine9_rotation"},{"predicate":{"custom_model_data":646},"model":"modelengine:seamine/spine6_rotation"},{"predicate":{"custom_model_data":647},"model":"modelengine:seamine/spine12_rotation"},{"predicate":{"custom_model_data":648},"model":"modelengine:seamine/spine7_rotation"},{"predicate":{"custom_model_data":649},"model":"modelengine:seamine/spine11_rotation"},{"predicate":{"custom_model_data":650},"model":"modelengine:seamine/spine5_rotation"},{"predicate":{"custom_model_data":651},"model":"modelengine:seamine/body_sub_1"},{"predicate":{"custom_model_data":652},"model":"modelengine:crab/c_leg3"},{"predicate":{"custom_model_data":653},"model":"modelengine:crab/c_leg6"},{"predicate":{"custom_model_data":654},"model":"modelengine:crab/c_leg5"},{"predicate":{"custom_model_data":655},"model":"modelengine:crab/c_left_arm_bottom"},{"predicate":{"custom_model_data":656},"model":"modelengine:crab/c_right_arm_bottom"},{"predicate":{"custom_model_data":657},"model":"modelengine:pirate/left_leg"},{"predicate":{"custom_model_data":658},"model":"modelengine:pirate/mosket"},{"predicate":{"custom_model_data":659},"model":"modelengine:pirate/right_leg"},{"predicate":{"custom_model_data":660},"model":"modelengine:pirate/head"},{"predicate":{"custom_model_data":661},"model":"modelengine:pirate/body"},{"predicate":{"custom_model_data":662},"model":"modelengine:pirate/right_arm"},{"predicate":{"custom_model_data":664},"model":"modelengine:pirate/nose"},{"predicate":{"custom_model_data":665},"model":"modelengine:dungeon_chest/base_rotation"},{"predicate":{"custom_model_data":666},"model":"modelengine:dungeon_chest/knob_rotation"},{"predicate":{"custom_model_data":667},"model":"modelengine:dungeon_chest/lid_rotation"},{"predicate":{"custom_model_data":668},"model":"modelengine:deluxe_chest/base_rotation"},{"predicate":{"custom_model_data":669},"model":"modelengine:deluxe_chest/knob_rotation"},{"predicate":{"custom_model_data":670},"model":"modelengine:deluxe_chest/lid_rotation"},{"predicate":{"custom_model_data":671},"model":"modelengine:epic_chest/base_rotation"},{"predicate":{"custom_model_data":672},"model":"modelengine:epic_chest/knob_rotation"},{"predicate":{"custom_model_data":673},"model":"modelengine:epic_chest/lid_rotation"},{"predicate":{"custom_model_data":674},"model":"modelengine:master_chest/base_rotation"},{"predicate":{"custom_model_data":675},"model":"modelengine:master_chest/knob_rotation"},{"predicate":{"custom_model_data":676},"model":"modelengine:master_chest/lid_rotation"},{"predicate":{"custom_model_data":677},"model":"modelengine:glyptodon/bone3"},{"predicate":{"custom_model_data":678},"model":"modelengine:wumpus/leaf"},{"predicate":{"custom_model_data":679},"model":"modelengine:wumpus/head"},{"predicate":{"custom_model_data":680},"model":"modelengine:wumpus/leftleg"},{"predicate":{"custom_model_data":681},"model":"modelengine:wumpus/rightarm"},{"predicate":{"custom_model_data":682},"model":"modelengine:wumpus/leftarm"},{"predicate":{"custom_model_data":683},"model":"modelengine:wumpus/rightleg"},{"predicate":{"custom_model_data":684},"model":"modelengine:wumpus/body"},{"predicate":{"custom_model_data":685},"model":"modelengine:wumpus/tail"},{"predicate":{"custom_model_data":686},"model":"modelengine:traveler_balloon/all"},{"predicate":{"custom_model_data":687},"model":"modelengine:glyptodon/body"},{"predicate":{"custom_model_data":688},"model":"modelengine:glyptodon/left_front_leg2"},{"predicate":{"custom_model_data":689},"model":"modelengine:glyptodon/left_front_leg"},{"predicate":{"custom_model_data":690},"model":"modelengine:glyptodon/right_front_leg"},{"predicate":{"custom_model_data":691},"model":"modelengine:glyptodon/right_front_leg2"},{"predicate":{"custom_model_data":692},"model":"modelengine:glyptodon/tail"},{"predicate":{"custom_model_data":693},"model":"modelengine:glyptodon/head"},{"predicate":{"custom_model_data":694},"model":"modelengine:glyptodon/bone4"},{"predicate":{"custom_model_data":695},"model":"modelengine:glyptodon/bone2"},{"predicate":{"custom_model_data":696},"model":"modelengine:power_chest/base_rotation"},{"predicate":{"custom_model_data":697},"model":"modelengine:power_chest/knob_rotation"},{"predicate":{"custom_model_data":698},"model":"modelengine:power_chest/lid_rotation"},{"predicate":{"custom_model_data":699},"model":"modelengine:tiger_normal_baby/head3"},{"predicate":{"custom_model_data":700},"model":"modelengine:tiger_normal_baby/oreja2"},{"predicate":{"custom_model_data":701},"model":"modelengine:tiger_normal_baby/6594529a-7818-6b6a-201d-455cabdba64b"},{"predicate":{"custom_model_data":703},"model":"modelengine:tiger_normal_baby/eye1"},{"predicate":{"custom_model_data":705},"model":"modelengine:tiger_normal_baby/bone2"},{"predicate":{"custom_model_data":706},"model":"modelengine:tiger_normal_baby/lengua"},{"predicate":{"custom_model_data":707},"model":"modelengine:tiger_regal_baby/leg4"},{"predicate":{"custom_model_data":709},"model":"modelengine:tiger_regal_baby/leg3"},{"predicate":{"custom_model_data":710},"model":"modelengine:tiger_regal_baby/leg1"},{"predicate":{"custom_model_data":711},"model":"modelengine:tiger_regal_baby/leg2"},{"predicate":{"custom_model_data":712},"model":"modelengine:tiger_regal_baby/head3"},{"predicate":{"custom_model_data":713},"model":"modelengine:tiger_regal_baby/oreja2"},{"predicate":{"custom_model_data":714},"model":"modelengine:tiger_regal_baby/6594529a-7818-6b6a-201d-455cabdba64b"},{"predicate":{"custom_model_data":718},"model":"modelengine:tiger_regal_baby/garra"},{"predicate":{"custom_model_data":719},"model":"modelengine:tiger_regal_baby/garra2"},{"predicate":{"custom_model_data":720},"model":"modelengine:tiger_regal_baby/garra4"},{"predicate":{"custom_model_data":721},"model":"modelengine:glyptodon/bone5"},{"predicate":{"custom_model_data":722},"model":"modelengine:glyptodon/bone"},{"predicate":{"custom_model_data":723},"model":"modelengine:glyptodon/rightear"},{"predicate":{"custom_model_data":724},"model":"modelengine:glyptodon/right_eye"},{"predicate":{"custom_model_data":725},"model":"modelengine:glyptodon/left_eye"},{"predicate":{"custom_model_data":726},"model":"modelengine:glyptodon/leftear"},{"predicate":{"custom_model_data":727},"model":"modelengine:glyptodon/tail_hammer/1"},{"predicate":{"custom_model_data":728},"model":"modelengine:glyptodon/tail_hammer/3"},{"predicate":{"custom_model_data":729},"model":"modelengine:glyptodon/tail_hammer/2"},{"predicate":{"custom_model_data":730},"model":"modelengine:glyptodon/tail_hammer/7"},{"predicate":{"custom_model_data":731},"model":"modelengine:glyptodon/tail_hammer/6"},{"predicate":{"custom_model_data":732},"model":"modelengine:glyptodon/tail_hammer/4"},{"predicate":{"custom_model_data":733},"model":"modelengine:glyptodon/tail_hammer/5"},{"predicate":{"custom_model_data":734},"model":"modelengine:glyptodon/tail_hammer"},{"predicate":{"custom_model_data":735},"model":"modelengine:tiger_regal_baby/garra3"},{"predicate":{"custom_model_data":736},"model":"modelengine:tiger_regal_baby/head"},{"predicate":{"custom_model_data":738},"model":"modelengine:tiger_regal_baby/bone"},{"predicate":{"custom_model_data":740},"model":"modelengine:tiger_regal_baby/body4"},{"predicate":{"custom_model_data":742},"model":"modelengine:tiger_regal_baby/arrecho"},{"predicate":{"custom_model_data":744},"model":"modelengine:tiger_regal_baby/oreja"},{"predicate":{"custom_model_data":746},"model":"modelengine:tiger_regal_baby/sleep"},{"predicate":{"custom_model_data":747},"model":"modelengine:tiger_regal_baby/head2"},{"predicate":{"custom_model_data":755},"model":"modelengine:tiger_normal/garra"},{"predicate":{"custom_model_data":756},"model":"modelengine:tiger_normal/garra2"},{"predicate":{"custom_model_data":757},"model":"modelengine:tiger_normal/garra4"},{"predicate":{"custom_model_data":758},"model":"modelengine:tiger_normal/garra3"},{"predicate":{"custom_model_data":759},"model":"modelengine:tiger_normal/body4"},{"predicate":{"custom_model_data":760},"model":"modelengine:tiger_normal/oreja"},{"predicate":{"custom_model_data":761},"model":"modelengine:tiger_normal/sleep"},{"predicate":{"custom_model_data":762},"model":"modelengine:tiger_normal/head5/1"},{"predicate":{"custom_model_data":763},"model":"modelengine:tiger_normal/head5"},{"predicate":{"custom_model_data":764},"model":"modelengine:tiger_normal/oreja2"},{"predicate":{"custom_model_data":765},"model":"modelengine:tiger_normal/6594529a-7818-6b6a-201d-455cabdba64b"},{"predicate":{"custom_model_data":766},"model":"modelengine:tiger_normal/lengua"},{"predicate":{"custom_model_data":767},"model":"modelengine:tiger_magma/leg4"},{"predicate":{"custom_model_data":768},"model":"modelengine:tiger_magma/leg3"},{"predicate":{"custom_model_data":769},"model":"modelengine:tiger_magma/leg1"},{"predicate":{"custom_model_data":770},"model":"modelengine:tiger_magma/leg2"},{"predicate":{"custom_model_data":771},"model":"modelengine:tiger_magma/head"},{"predicate":{"custom_model_data":772},"model":"modelengine:tiger_magma/garra"},{"predicate":{"custom_model_data":773},"model":"modelengine:tiger_magma/garra2"},{"predicate":{"custom_model_data":774},"model":"modelengine:tiger_magma/garra4"},{"predicate":{"custom_model_data":775},"model":"modelengine:tiger_magma/garra3"},{"predicate":{"custom_model_data":776},"model":"modelengine:tiger_magma/bone"},{"predicate":{"custom_model_data":777},"model":"modelengine:tiger_magma/body4"},{"predicate":{"custom_model_data":778},"model":"modelengine:tiger_magma/arrecho"},{"predicate":{"custom_model_data":779},"model":"modelengine:tiger_magma/oreja"},{"predicate":{"custom_model_data":780},"model":"modelengine:tiger_magma/sleep"},{"predicate":{"custom_model_data":781},"model":"modelengine:tiger_magma/eye2"},{"predicate":{"custom_model_data":782},"model":"modelengine:tiger_magma/head2"},{"predicate":{"custom_model_data":783},"model":"modelengine:tiger_magma/head3"},{"predicate":{"custom_model_data":784},"model":"modelengine:tiger_magma/oreja2"},{"predicate":{"custom_model_data":785},"model":"modelengine:tiger_magma/6594529a-7818-6b6a-201d-455cabdba64b"},{"predicate":{"custom_model_data":786},"model":"modelengine:tiger_magma/eye1"},{"predicate":{"custom_model_data":787},"model":"modelengine:tiger_magma/bone2"},{"predicate":{"custom_model_data":788},"model":"modelengine:tiger_magma/lengua"},{"predicate":{"custom_model_data":789},"model":"modelengine:tiger_magma_baby/leg4"},{"predicate":{"custom_model_data":790},"model":"modelengine:tiger_magma_baby/leg3"},{"predicate":{"custom_model_data":791},"model":"modelengine:tiger_magma_baby/leg1"},{"predicate":{"custom_model_data":792},"model":"modelengine:tiger_magma_baby/leg2"},{"predicate":{"custom_model_data":793},"model":"modelengine:tiger_magma_baby/garra"},{"predicate":{"custom_model_data":794},"model":"modelengine:tiger_magma_baby/garra2"},{"predicate":{"custom_model_data":795},"model":"modelengine:tiger_magma_baby/garra4"},{"predicate":{"custom_model_data":796},"model":"modelengine:tiger_magma_baby/garra3"},{"predicate":{"custom_model_data":797},"model":"modelengine:tiger_magma_baby/head"},{"predicate":{"custom_model_data":798},"model":"modelengine:tiger_magma_baby/bone"},{"predicate":{"custom_model_data":799},"model":"modelengine:tiger_magma_baby/body4"},{"predicate":{"custom_model_data":800},"model":"modelengine:tiger_magma_baby/arrecho"},{"predicate":{"custom_model_data":801},"model":"modelengine:tiger_magma_baby/oreja"},{"predicate":{"custom_model_data":802},"model":"modelengine:tiger_magma_baby/sleep"},{"predicate":{"custom_model_data":803},"model":"modelengine:tiger_magma_baby/head2"},{"predicate":{"custom_model_data":804},"model":"modelengine:tiger_magma_baby/head3"},{"predicate":{"custom_model_data":805},"model":"modelengine:tiger_magma_baby/eye2"},{"predicate":{"custom_model_data":806},"model":"modelengine:tiger_magma_baby/oreja2"},{"predicate":{"custom_model_data":807},"model":"modelengine:tiger_magma_baby/6594529a-7818-6b6a-201d-455cabdba64b"},{"predicate":{"custom_model_data":808},"model":"modelengine:tiger_magma_baby/eye1"},{"predicate":{"custom_model_data":809},"model":"modelengine:tiger_magma_baby/bone2"},{"predicate":{"custom_model_data":810},"model":"modelengine:tiger_magma_baby/lengua"},{"predicate":{"custom_model_data":811},"model":"modelengine:tiger_normal_baby/leg4"},{"predicate":{"custom_model_data":812},"model":"modelengine:tiger_normal_baby/leg3"},{"predicate":{"custom_model_data":813},"model":"modelengine:tiger_normal_baby/leg1"},{"predicate":{"custom_model_data":814},"model":"modelengine:tiger_normal_baby/leg2"},{"predicate":{"custom_model_data":815},"model":"modelengine:tiger_normal_baby/garra"},{"predicate":{"custom_model_data":816},"model":"modelengine:tiger_normal_baby/garra2"},{"predicate":{"custom_model_data":817},"model":"modelengine:tiger_normal_baby/garra4"},{"predicate":{"custom_model_data":818},"model":"modelengine:tiger_normal_baby/garra3"},{"predicate":{"custom_model_data":819},"model":"modelengine:tiger_normal_baby/head"},{"predicate":{"custom_model_data":820},"model":"modelengine:tiger_normal_baby/bone"},{"predicate":{"custom_model_data":821},"model":"modelengine:tiger_normal_baby/body4"},{"predicate":{"custom_model_data":822},"model":"modelengine:tiger_normal_baby/arrecho"},{"predicate":{"custom_model_data":823},"model":"modelengine:tiger_normal_baby/oreja"},{"predicate":{"custom_model_data":824},"model":"modelengine:tiger_normal_baby/sleep"},{"predicate":{"custom_model_data":825},"model":"modelengine:tiger_normal_baby/head2"},{"predicate":{"custom_model_data":826},"model":"modelengine:tiger_regal/leg4"},{"predicate":{"custom_model_data":827},"model":"modelengine:tiger_regal/leg3"},{"predicate":{"custom_model_data":828},"model":"modelengine:tiger_regal/leg1"},{"predicate":{"custom_model_data":829},"model":"modelengine:tiger_regal/leg2"},{"predicate":{"custom_model_data":830},"model":"modelengine:tiger_regal/head"},{"predicate":{"custom_model_data":831},"model":"modelengine:tiger_regal/garra"},{"predicate":{"custom_model_data":832},"model":"modelengine:tiger_regal/garra2"},{"predicate":{"custom_model_data":833},"model":"modelengine:tiger_regal/garra4"},{"predicate":{"custom_model_data":834},"model":"modelengine:tiger_regal/garra3"},{"predicate":{"custom_model_data":835},"model":"modelengine:tiger_regal/bone"},{"predicate":{"custom_model_data":836},"model":"modelengine:tiger_regal/body4"},{"predicate":{"custom_model_data":837},"model":"modelengine:tiger_regal/arrecho"},{"predicate":{"custom_model_data":838},"model":"modelengine:tiger_regal/oreja"},{"predicate":{"custom_model_data":839},"model":"modelengine:tiger_regal/sleep"},{"predicate":{"custom_model_data":840},"model":"modelengine:tiger_regal/head2"},{"predicate":{"custom_model_data":841},"model":"modelengine:tiger_regal/head3"},{"predicate":{"custom_model_data":842},"model":"modelengine:tiger_regal/oreja2"},{"predicate":{"custom_model_data":843},"model":"modelengine:tiger_regal/6594529a-7818-6b6a-201d-455cabdba64b"},{"predicate":{"custom_model_data":844},"model":"modelengine:tiger_regal/head5"},{"predicate":{"custom_model_data":845},"model":"modelengine:tiger_regal/head5/1"},{"predicate":{"custom_model_data":846},"model":"modelengine:tiger_regal/eye1"},{"predicate":{"custom_model_data":847},"model":"modelengine:tiger_regal/bone2"},{"predicate":{"custom_model_data":848},"model":"modelengine:tiger_regal/lengua"},{"predicate":{"custom_model_data":849},"model":"modelengine:tiger_golden_baby/leg4"},{"predicate":{"custom_model_data":850},"model":"modelengine:tiger_golden_baby/leg3"},{"predicate":{"custom_model_data":851},"model":"modelengine:tiger_golden_baby/leg1"},{"predicate":{"custom_model_data":852},"model":"modelengine:tiger_golden_baby/leg2"},{"predicate":{"custom_model_data":853},"model":"modelengine:tiger_golden_baby/garra"},{"predicate":{"custom_model_data":854},"model":"modelengine:tiger_golden_baby/garra2"},{"predicate":{"custom_model_data":855},"model":"modelengine:tiger_golden_baby/garra4"},{"predicate":{"custom_model_data":856},"model":"modelengine:tiger_golden_baby/garra3"},{"predicate":{"custom_model_data":857},"model":"modelengine:tiger_golden_baby/head"},{"predicate":{"custom_model_data":858},"model":"modelengine:tiger_golden_baby/bone"},{"predicate":{"custom_model_data":859},"model":"modelengine:tiger_golden_baby/body4"},{"predicate":{"custom_model_data":860},"model":"modelengine:tiger_golden_baby/arrecho"},{"predicate":{"custom_model_data":861},"model":"modelengine:tiger_golden_baby/oreja"},{"predicate":{"custom_model_data":862},"model":"modelengine:tiger_golden_baby/sleep"},{"predicate":{"custom_model_data":863},"model":"modelengine:tiger_golden_baby/head2"},{"predicate":{"custom_model_data":864},"model":"modelengine:tiger_golden_baby/head3"},{"predicate":{"custom_model_data":865},"model":"modelengine:tiger_golden_baby/oreja2"},{"predicate":{"custom_model_data":866},"model":"modelengine:tiger_golden_baby/6594529a-7818-6b6a-201d-455cabdba64b"},{"predicate":{"custom_model_data":867},"model":"modelengine:tiger_golden_baby/eye1"},{"predicate":{"custom_model_data":868},"model":"modelengine:tiger_golden_baby/bone2"},{"predicate":{"custom_model_data":869},"model":"modelengine:tiger_golden_baby/lengua"},{"predicate":{"custom_model_data":870},"model":"modelengine:tiger_white_baby/leg4"},{"predicate":{"custom_model_data":871},"model":"modelengine:tiger_white_baby/leg3"},{"predicate":{"custom_model_data":872},"model":"modelengine:tiger_white_baby/leg1"},{"predicate":{"custom_model_data":873},"model":"modelengine:tiger_white_baby/leg2"},{"predicate":{"custom_model_data":874},"model":"modelengine:tiger_white_baby/garra"},{"predicate":{"custom_model_data":875},"model":"modelengine:tiger_white_baby/garra2"},{"predicate":{"custom_model_data":876},"model":"modelengine:tiger_white_baby/garra4"},{"predicate":{"custom_model_data":877},"model":"modelengine:tiger_white_baby/garra3"},{"predicate":{"custom_model_data":878},"model":"modelengine:tiger_white_baby/head"},{"predicate":{"custom_model_data":879},"model":"modelengine:tiger_white_baby/bone"},{"predicate":{"custom_model_data":880},"model":"modelengine:tiger_white_baby/body4"},{"predicate":{"custom_model_data":881},"model":"modelengine:tiger_white_baby/arrecho"},{"predicate":{"custom_model_data":882},"model":"modelengine:tiger_white_baby/oreja"},{"predicate":{"custom_model_data":883},"model":"modelengine:tiger_white_baby/sleep"},{"predicate":{"custom_model_data":884},"model":"modelengine:tiger_white_baby/head2"},{"predicate":{"custom_model_data":885},"model":"modelengine:tiger_white_baby/head3"},{"predicate":{"custom_model_data":886},"model":"modelengine:tiger_white_baby/oreja2"},{"predicate":{"custom_model_data":887},"model":"modelengine:tiger_white_baby/6594529a-7818-6b6a-201d-455cabdba64b"},{"predicate":{"custom_model_data":888},"model":"modelengine:tiger_white_baby/eye1"},{"predicate":{"custom_model_data":889},"model":"modelengine:tiger_white_baby/bone2"},{"predicate":{"custom_model_data":890},"model":"modelengine:tiger_white_baby/lengua"},{"predicate":{"custom_model_data":891},"model":"modelengine:tiger_golden/garra"},{"predicate":{"custom_model_data":892},"model":"modelengine:tiger_golden/garra2"},{"predicate":{"custom_model_data":893},"model":"modelengine:tiger_golden/garra4"},{"predicate":{"custom_model_data":894},"model":"modelengine:tiger_golden/garra3"},{"predicate":{"custom_model_data":895},"model":"modelengine:tiger_golden/body4"},{"predicate":{"custom_model_data":896},"model":"modelengine:tiger_golden/oreja"},{"predicate":{"custom_model_data":897},"model":"modelengine:tiger_golden/sleep"},{"predicate":{"custom_model_data":898},"model":"modelengine:tiger_golden/head5"},{"predicate":{"custom_model_data":899},"model":"modelengine:tiger_golden/head5/1"},{"predicate":{"custom_model_data":900},"model":"modelengine:tiger_golden/oreja2"},{"predicate":{"custom_model_data":901},"model":"modelengine:tiger_golden/6594529a-7818-6b6a-201d-455cabdba64b"},{"predicate":{"custom_model_data":902},"model":"modelengine:tiger_golden/lengua"},{"predicate":{"custom_model_data":903},"model":"modelengine:tiger_white/garra"},{"predicate":{"custom_model_data":904},"model":"modelengine:tiger_white/garra2"},{"predicate":{"custom_model_data":905},"model":"modelengine:tiger_white/garra4"},{"predicate":{"custom_model_data":906},"model":"modelengine:tiger_white/garra3"},{"predicate":{"custom_model_data":907},"model":"modelengine:tiger_white/body4"},{"predicate":{"custom_model_data":908},"model":"modelengine:tiger_white/oreja"},{"predicate":{"custom_model_data":909},"model":"modelengine:tiger_white/sleep"},{"predicate":{"custom_model_data":910},"model":"modelengine:tiger_white/head5/1"},{"predicate":{"custom_model_data":911},"model":"modelengine:tiger_white/head5"},{"predicate":{"custom_model_data":912},"model":"modelengine:tiger_white/oreja2"},{"predicate":{"custom_model_data":913},"model":"modelengine:tiger_white/6594529a-7818-6b6a-201d-455cabdba64b"},{"predicate":{"custom_model_data":914},"model":"modelengine:tiger_white/lengua"}],"parent":"minecraft:item/generated","textures":{"layer0":"minecraft:item/leather_horse_armor"}}