{
    "model": {
        "type": "range_dispatch",
        "property": "custom_model_data",
        "fallback": {
            "type": "model",
            "model": "item/netherite_sword"
        },
        "entries": [
            {
                "threshold": 2,
                "model": {
                    "type": "model",
                    "model": "custom/items/customskin/swords/2"
                }
            },
            {
                "threshold": 3,
                "model": {
                    "type": "model",
                    "model": "custom/items/customskin/swords/3"
                }
            },
            {
                "threshold": 4,
                "model": {
                    "type": "model",
                    "model": "custom/items/customskin/swords/4"
                }
            },
            {
                "threshold": 5,
                "model": {
                    "type": "model",
                    "model": "custom/items/customskin/swords/5"
                }
            },
            {
                "threshold": 6,
                "model": {
                    "type": "model",
                    "model": "custom/items/customskin/swords/6"
                }
            },
            {
                "threshold": 1212,
                "model": {
                    "type": "model",
                    "model": "custom/items/soulscythe"
                }
            },
            {
                "threshold": 1213,
                "model": {
                    "type": "model",
                    "model": "custom/items/firebrand"
                }
            }
        ]
    }
}